{
  "cookies": [
    {
      "name": "JSESSIONID",
      "value": "99F8692B565FD6C2DC9F50160675CB3B.jvm1",
      "domain": "leaftaps.com",
      "path": "/opentaps",
      "expires": -1,
      "httpOnly": false,
      "secure": false,
      "sameSite": "Lax"
    },
    {
      "name": "JSESSIONID",
      "value": "B2355801B8141B97A19E30CD51D3FDC4.jvm1",
      "domain": "leaftaps.com",
      "path": "/crmsfa",
      "expires": -1,
      "httpOnly": false,
      "secure": false,
      "sameSite": "Lax"
    },
    {
      "name": "OFBiz.Visitor",
      "value": "74297",
      "domain": "leaftaps.com",
      "path": "/",
      "expires": 1768800400.258027,
      "httpOnly": false,
      "secure": false,
      "sameSite": "Lax"
    },
    {
      "name": "CLID",
      "value": "d5d441124086451f8ac966ac5e15d8c8.20250119.20260119",
      "domain": "www.clarity.ms",
      "path": "/",
      "expires": 1768800397.333376,
      "httpOnly": true,
      "secure": true,
      "sameSite": "None"
    },
    {
      "name": "_clck",
      "value": "1ccv57h%7C2%7Cfsp%7C0%7C1845",
      "domain": ".leaftaps.com",
      "path": "/",
      "expires": 1768800397,
      "httpOnly": false,
      "secure": false,
      "sameSite": "Lax"
    },
    {
      "name": "ai_user",
      "value": "DXy+4d3komZXO3+0iEq6sa|2025-01-19T05:26:37.761Z",
      "domain": "leaftaps.com",
      "path": "/",
      "expires": 1768800397.762056,
      "httpOnly": false,
      "secure": false,
      "sameSite": "Lax"
    },
    {
      "name": "_gid",
      "value": "GA1.2.1571360426.1737264398",
      "domain": ".leaftaps.com",
      "path": "/",
      "expires": 1737350798,
      "httpOnly": false,
      "secure": false,
      "sameSite": "Lax"
    },
    {
      "name": "_gat_gtag_UA_241053063_1",
      "value": "1",
      "domain": ".leaftaps.com",
      "path": "/",
      "expires": 1737264458,
      "httpOnly": false,
      "secure": false,
      "sameSite": "Lax"
    },
    {
      "name": "_ga_BFM17W6LPR",
      "value": "GS1.1.1737264397.1.1.1737264398.0.0.0",
      "domain": ".leaftaps.com",
      "path": "/",
      "expires": 1771824398.823576,
      "httpOnly": false,
      "secure": false,
      "sameSite": "Lax"
    },
    {
      "name": "_ga_XC5DRQT2CH",
      "value": "GS1.1.1737264397.1.1.1737264398.0.0.0",
      "domain": ".leaftaps.com",
      "path": "/",
      "expires": 1771824398.851936,
      "httpOnly": false,
      "secure": false,
      "sameSite": "Lax"
    },
    {
      "name": "ai_session",
      "value": "HbzQTFl/6A2nrgR7/zWYF9|1737264398477|1737264398893",
      "domain": "leaftaps.com",
      "path": "/",
      "expires": 1737266198.894226,
      "httpOnly": false,
      "secure": false,
      "sameSite": "Lax"
    },
    {
      "name": "_ga",
      "value": "GA1.2.1756458495.1737264398",
      "domain": ".leaftaps.com",
      "path": "/",
      "expires": 1771824398.90429,
      "httpOnly": false,
      "secure": false,
      "sameSite": "Lax"
    },
    {
      "name": "SM",
      "value": "T",
      "domain": ".c.clarity.ms",
      "path": "/",
      "expires": -1,
      "httpOnly": false,
      "secure": true,
      "sameSite": "None"
    },
    {
      "name": "MUID",
      "value": "025B8CC59BB864B2117A99BC9FB86A59",
      "domain": ".clarity.ms",
      "path": "/",
      "expires": 1770960399.105937,
      "httpOnly": false,
      "secure": true,
      "sameSite": "None"
    }
  ],
  "origins": []
}