{
  "cookies": [
    {
      "name": "JSESSIONID",
      "value": "732230AD646F0A4897422DBC1CF10CFE.jvm1",
      "domain": "leaftaps.com",
      "path": "/opentaps",
      "expires": -1,
      "httpOnly": false,
      "secure": false,
      "sameSite": "Lax"
    },
    {
      "name": "OFBiz.Visitor",
      "value": "163444",
      "domain": "leaftaps.com",
      "path": "/",
      "expires": 1770541592.77121,
      "httpOnly": false,
      "secure": false,
      "sameSite": "Lax"
    },
    {
      "name": "ai_user",
      "value": "FCYoQ4PLf4pyYrNyr9xKR5|2025-02-08T09:06:32.536Z",
      "domain": "leaftaps.com",
      "path": "/",
      "expires": 1770541592.537421,
      "httpOnly": false,
      "secure": false,
      "sameSite": "Lax"
    },
    {
      "name": "CLID",
      "value": "eec4d057fb88419cadbf9bf3cb164503.20250208.20260208",
      "domain": "www.clarity.ms",
      "path": "/",
      "expires": 1770541592.77101,
      "httpOnly": true,
      "secure": true,
      "sameSite": "None"
    },
    {
      "name": "_clck",
      "value": "cf7bf0%7C2%7Cft9%7C0%7C1865",
      "domain": ".leaftaps.com",
      "path": "/",
      "expires": 1770541593,
      "httpOnly": false,
      "secure": false,
      "sameSite": "Lax"
    },
    {
      "name": "_ga",
      "value": "GA1.2.2055132582.1739005593",
      "domain": ".leaftaps.com",
      "path": "/",
      "expires": 1773565593.828436,
      "httpOnly": false,
      "secure": false,
      "sameSite": "Lax"
    },
    {
      "name": "_gid",
      "value": "GA1.2.2077384766.1739005594",
      "domain": ".leaftaps.com",
      "path": "/",
      "expires": 1739091993,
      "httpOnly": false,
      "secure": false,
      "sameSite": "Lax"
    },
    {
      "name": "_gat_gtag_UA_241053063_1",
      "value": "1",
      "domain": ".leaftaps.com",
      "path": "/",
      "expires": 1739005653,
      "httpOnly": false,
      "secure": false,
      "sameSite": "Lax"
    },
    {
      "name": "_clsk",
      "value": "fvz7c0%7C1739005594234%7C1%7C1%7Cv.clarity.ms%2Fcollect",
      "domain": ".leaftaps.com",
      "path": "/",
      "expires": 1739091994,
      "httpOnly": false,
      "secure": false,
      "sameSite": "Lax"
    },
    {
      "name": "_ga_XC5DRQT2CH",
      "value": "GS1.1.1739005592.1.0.1739005594.0.0.0",
      "domain": ".leaftaps.com",
      "path": "/",
      "expires": 1773565594.320099,
      "httpOnly": false,
      "secure": false,
      "sameSite": "Lax"
    },
    {
      "name": "ai_session",
      "value": "0QutkTYLng9wsq/P8kfdDO|1739005593464|1739005594490",
      "domain": "leaftaps.com",
      "path": "/",
      "expires": 1739007394.490651,
      "httpOnly": false,
      "secure": false,
      "sameSite": "Lax"
    },
    {
      "name": "_ga_BFM17W6LPR",
      "value": "deleted",
      "domain": ".leaftaps.com",
      "path": "/",
      "expires": 1773565594.544271,
      "httpOnly": false,
      "secure": false,
      "sameSite": "Lax"
    }
  ],
  "origins": []
}