{
  "config": {
    "configFile": "C:\\Playwright Workspace\\playwright-js-dec\\playwright.config.ts",
    "rootDir": "C:/Playwright Workspace/playwright-js-dec/tests",
    "forbidOnly": false,
    "fullyParallel": true,
    "globalSetup": null,
    "globalTeardown": null,
    "globalTimeout": 0,
    "grep": {},
    "grepInvert": null,
    "maxFailures": 0,
    "metadata": {
      "actualWorkers": 1
    },
    "preserveOutput": "always",
    "reporter": [
      [
        "html",
        {
          "open": "always"
        }
      ],
      [
        "json",
        {
          "outputFile": "reports/report.json"
        }
      ],
      [
        "C:\\Playwright Workspace\\playwright-js-dec\\custom-reporters\\reporter.ts",
        null
      ]
    ],
    "reportSlowTests": {
      "max": 5,
      "threshold": 15000
    },
    "quiet": false,
    "projects": [
      {
        "outputDir": "C:/Playwright Workspace/playwright-js-dec/test-results",
        "repeatEach": 1,
        "retries": 0,
        "metadata": {},
        "id": "chromium",
        "name": "chromium",
        "testDir": "C:/Playwright Workspace/playwright-js-dec/tests",
        "testIgnore": [],
        "testMatch": [
          "**/*.@(spec|test).?(c|m)[jt]s?(x)"
        ],
        "timeout": 30000
      }
    ],
    "shard": null,
    "updateSnapshots": "missing",
    "updateSourceMethod": "patch",
    "version": "1.50.1",
    "workers": 4,
    "webServer": null
  },
  "suites": [
    {
      "title": "login-test.spec.ts",
      "file": "login-test.spec.ts",
      "column": 0,
      "line": 0,
      "specs": [
        {
          "title": "Test to verify login functionality",
          "ok": true,
          "tags": [],
          "tests": [
            {
              "timeout": 30000,
              "annotations": [],
              "expectedStatus": "passed",
              "projectId": "chromium",
              "projectName": "chromium",
              "results": [
                {
                  "workerIndex": 0,
                  "status": "passed",
                  "duration": 10945,
                  "errors": [],
                  "stdout": [
                    {
                      "text": "The title of the page is \n"
                    }
                  ],
                  "stderr": [],
                  "retry": 0,
                  "steps": [
                    {
                      "title": "The URL https://login.salesforce.com loaded",
                      "duration": 1446
                    },
                    {
                      "title": "Textbox Username filled with ranjini.r@testleaf.com",
                      "duration": 780
                    },
                    {
                      "title": "Textbox Password filled with Qeagle@123",
                      "duration": 577
                    },
                    {
                      "title": "The Log In Button is clicked",
                      "duration": 3529
                    }
                  ],
                  "startTime": "2025-02-02T07:53:34.806Z",
                  "attachments": [
                    {
                      "name": "screenshot",
                      "contentType": "image/png",
                      "path": "C:\\Playwright Workspace\\playwright-js-dec\\test-results\\login-test-Test-to-verify-login-functionality-chromium\\test-finished-1.png"
                    },
                    {
                      "name": "video",
                      "contentType": "video/webm",
                      "path": "C:\\Playwright Workspace\\playwright-js-dec\\test-results\\login-test-Test-to-verify-login-functionality-chromium\\video.webm"
                    },
                    {
                      "name": "trace",
                      "contentType": "application/zip",
                      "path": "C:\\Playwright Workspace\\playwright-js-dec\\test-results\\login-test-Test-to-verify-login-functionality-chromium\\trace.zip"
                    }
                  ]
                }
              ],
              "status": "expected"
            }
          ],
          "id": "bdde59c310911dcc8229-94a2bae94ea8e7387dbe",
          "file": "login-test.spec.ts",
          "line": 4,
          "column": 5
        }
      ]
    }
  ],
  "errors": [],
  "stats": {
    "startTime": "2025-02-02T07:53:33.773Z",
    "duration": 13697.752,
    "expected": 1,
    "skipped": 0,
    "unexpected": 0,
    "flaky": 0
  }
}